skill,course_count
leadership and management,208
data analysis,192
cloud computing,150
computer programming,139
python programming,128
communication,107
data management,106
machine learning,100
problem solving,86
strategy,86
data visualization,84
algorithms,84
critical thinking,84
business analysis,83
strategy and operations,80
finance,75
databases,75
cloud platforms,73
statistics,72
probability & statistics,70
sql,66
statistical analysis,62
cloud applications,62
network security,60
planning,60
google cloud platform,60
cloud infrastructure,59
human learning,58
risk management,58
machine learning algorithms,57
exploratory data analysis,53
devops,53
data structures,51
regression,51
applied machine learning,50
decision making,50
statistical programming,49
big data,48
collaboration,47
cloud storage,47
mathematics,46
engineering,44
data science,44
system security,42
security engineering,42
project management,42
programming principles,41
financial analysis,41
cryptography,40
artificial neural networks,39
computer networking,39
entrepreneurship,39
deep learning,39
data model,38
fintech,37
innovation,37
marketing,36
extract transform load,35
network architecture,35
kubernetes,35
microsoft excel,35
security,32
mathematical theory & analysis,32
probability distribution,32
statistical tests,32
investment management,32
ibm cloud,32
programming tools,31
blockchain,31
user experience,31
organizational development,31
operations management,30
r programming,30
spreadsheet,30
process analysis,29
web development,29
linux,28
computational thinking,28
market analysis,28
cloud-based integration,27
financial accounting,27
architecture,27
data mining,27
cloud management,27
regulations and compliance,26
research and design,26
statistical visualization,26
visualization computer,26
writing,26
financial management,26
accounting,25
application development,25
business process management,25
business transformation,24
computational logic,24
plot,24
database administration,24
statistical machine learning,23
database application,23
cyberattacks,23
agile development,22
correlation and dependence,22
business intelligence,22
engineering tools,22
natural language processing,22
design and product,22
human computer interaction,21
cloud api,21
computer security incident management,21
tensorflow,21
data architecture,21
business communication,21
google app engine,21
computer architecture,21
nosql,21
performance management,20
interactive data visualization,20
banking,20
network model,20
database theory,20
data warehousing,20
people management,19
algebra,19
javascript,19
customer analysis,18
other cloud platforms and tools,18
people analysis,18
security strategy,18
payments,18
theoretical computer science,18
operating systems,18
continuous delivery,18
-defined networking,18
digital marketing,17
computer security models,17
estimation,17
database design,17
forecasting,16
continuous integration,16
scrum development,16
linear algebra,16
calculus,16
mergers & acquisitions,16
change management,16
cloud engineering,16
web design,16
user experience design,16
testing,16
market research,16
front-end web development,16
supply chain and logistics,15
distributed computing architecture,15
professional development,15
creativity,15
computer vision,15
as a service,15
product management,14
networking hardware,14
business psychology,14
social media,14
media strategy & planning,14
computer science,13
web development tools,13
general accounting,13
computer,13
visual design,13
network analysis,13
react,13
sales,13
docker,12
graph theory,12
human resources,12
customer relationship management,12
feature engineering,12
brand management,12
user research,12
product strategy,12
business development,12
operational analysis,12
apache,12
product design,12
product development,12
marketing management,11
securities trading,11
accounts payable and receivable,11
tableau,11
microsoft azure,10
budget management,10
culture,10
influencing,10
technical product management,10
e-commerce,10
account management,10
emotional intelligence,10
amazon web services,9
internet of things,9
mobile security,9
interactive design,9
audit,9
entrepreneurial finance,9
experiment,9
adaptability,9
html and css,9
differential equations,8
cost accounting,8
recruitment,8
behavioral economics,8
advertising,8
cash management,8
leadership development,8
conflict management,8
storytelling,8
system,8
computer graphic techniques,8
graphic design,7
search engine optimization,7
taxes,7
supply chain systems,7
customer success,7
bioinformatics,7
postgresql,7
employee relations,7
cloud standards,6
warehouse management,6
people development,6
cloud clients,6
contract management,6
systems design,6
marketing design,6
microarchitecture,6
customer support,6
training,6
reinforcement learning,6
generally accepted accounting principles gaap,6
mobile development,6
dimensionality reduction,6
product marketing,6
human factors security,5
java programming,5
c++ programming,5
product lifecycle,5
management accounting,5
information technology,5
inventory management,5
matlab,5
persona research,5
human resources operations,5
business design,5
django,5
salesforce,4
negotiation,4
applied mathematics,4
spatial analysis,4
data engineering,4
full-stack web development,4
benefits,4
procurement,4
small data,4
mobile development tools,4
material handling,3
cloud load balancing,3
spatial data analysis,3
other programming languages,3
bayesian statistics,3
biostatistics,3
geometry,3
sales systems,3
compensation,3
supplier relationship management,3
transportation operations management,3
corporate accouting,3
talent management,3
power bi,2
scientific visualization,2
econometrics,2
framework,2
store management,2
cross platform development,2
billing & invoicing,2
game theory,2
geovisualization,2
swift programming,2
epidemiology,2
shipping and receiving,2
underwriting,2
clinical data management,2
prospecting and qualification,2
ios development,2
securities sales,2
operations research,2
back-end web development,2
b2b sales,2
knitr,2
retail sales,2
sas,2
business research,2
system programming,2
other web frameworks,1
virtual reality,1
geostatistics,1
minitab,1
gis,1
arcgis,1
markov model,1
survey creation,1
public relations,1
health,1
android development,1
combinatorics,1
journalism,1
hardware design,1
retail store operations,1
semantic web,1
insurance sales,1
marketing psychology,1
resilience,1
jira,1
